text,real,predicted,category
A total of 130 obese women were finally analyzed .,results,methods,etiqueta_discutible
"CPAP achieved a significant reduction in PAC only in patients with white-coat resistant hypertension , although the CPAP effect on BP was highest in patients with true resistant hypertension .",results,conclusions,ambiguedad
"With a median follow-up duration of 27.1 mo , improvement in rPFS was statistically significant with abiraterone treatment versus prednisone ( median : 16.5 vs 8.2 mo ; HR : 0.52 [ 95 % CI , 0.45-0 .61 ] ; p < 0.0001 ) .",conclusions,results,ambiguedad
"Subsequent trials accounted for platinum sensitivity , resulting in higher sample sizes and increased resource use .",background,conclusions,etiqueta_discutible
Immediate delivery did not significantly increase cesarean delivery or neonatal morbidity .,results,conclusions,etiqueta_discutible
Ethical approval was obtained from the University of Zambia Biomedical Research Ethics Committee ( 011-04-12 ) .,methods,background,etiqueta_discutible
"Obesity was associated with poor matrix biointegration and a longer drain time , both of which were associated with higher complication rates .",results,conclusions,texto_insuficiente
Endoscopic treatment of early neoplastic lesions in oesophagus has evolved as a valid and less invasive alternative to surgical resection .,background,conclusions,texto_insuficiente
We analyzed the detection rates of prostate cancer and significant prostate cancer ( greater than 5 mm total cancer length or any Gleason pattern greater than 3 ) .,methods,results,ambiguedad
"To provide comparisons and a worked example of item - and scale-level evaluations based on three psychometric methods used in patient-reported outcome development-classical test theory ( CTT ) , item response theory ( IRT ) , and Rasch measurement theory ( RMT ) - in an analysis of the National Eye Institute Visual Functioning Questionnaire ( VFQ-25 ) .",objective,methods,tema_fuera_dominio
"Addressing these challenges requires an intervention that elicits motivation to engage in this activity , minimizes the direct relationship between unwanted internal experiences and inaction , and is also in itself accessible and convenient .",objective,conclusions,tema_fuera_dominio
"EE is assessed by the lactulose : mannitol ( L : M ) test , whereby nonmetabolized sugars are ingested and quantified in the urine .",background,methods,ambiguedad
"Although expectancies are thought to represent potentially biased expectations about drinking outcomes , they may also reflect individual differences in alcohol response .",objective,conclusions,etiqueta_discutible
We assessed 47 pairs of isolates .,results,methods,etiqueta_discutible
Outpatients on hemodialysis older than 60 years ( 61-79years ) .,methods,conclusions,ambiguedad
"The main difficulties encountered were identifying participants with the recruitment criteria , delivering water to participants , and the time demanded from the study participants .",results,methods,etiqueta_discutible
We evoke SSVEPs with a green light-emitting diode ( LED ) driven by FM signals .,methods,background,ambiguedad
For the n-back task we found working memory load-sensitive increases in brain activity in several frontal and parietal areas ( P < 0.0025 ) .,results,background,ambiguedad
"Adherence to amoxicillin was high , and the findings from the original analysis were robust to non-adherence .",conclusions,results,texto_insuficiente
Thirty-six consecutive patients received DES or BMS .,results,methods,ambiguedad
